2590426	CASTIGLIONEMAURIZIO	CSTMRZ70E10G273F	0457241076	3282588776	
2576292	CASTIGLIONISNC DI BERTIN CASTIGLIONI ROBERTO	02962820128	0331842666		
2590366	CASTILLO PANTOJAJOSE ANTONIO	CSTJNT89D10Z611H	3492133955		
2590430	CASTRIGNANIMARIA	CSTMRA57E54A662W	0804592951	0	
2590404	CASTRO AVALOSMARGARITA FRANCISCA	CSTMGR67E69Z605K	01851752015		
2590325	CASTRONOVODORA	CSTDRO70M54G273G	3287414472		
2590518	CASTRONOVOPASQUALE	CSTPQL53C01C351A	0957275995	3334592187	
2590506	CASTRUCCI PATRIZIA	CSTPRZ65H49H501L	069864154		Mrs.Patrick@hotmail.it
2590655	CATALANOMARIA LUISA	CTLMLS66E63A783H	3494145101		
2590639	CATALDO MARIA	CTLMRA61R68L259J	3339918783		
2590696	CATALDO TEODORO	CTLTDR61P18H975C	0744243565	3463066180	
2623480	CATALIN STRATULAS	STRCLN84R31Z129K	3270897754		catalindiabolikalina@yahoo.it
2590768	CATARGIUPETRU	CTRPTR81E16Z129P	3203152943		
2590578	CATAUDELLASTEFANO	CTDSFN76T15I754J	0931753726		
2571397	CAVALER MARIO E FIGLI	00744980236	045953650		
2590968	CAVALIEREANTONIO	CVLNTN77H20C265K	0542673249	3496675156	
2590902	CAVALIEREGASPARE	CVLGPR90S22C002A	3402437199		
2590884	CAVALIEREGIUSEPPINA	CVLGPP33B48F839F	3313339390		
2590965	CAVALIERIVLADIMIRA	CVLVDM24A67C814E	051580856		
2590920	CAVALLAROANGELO	CVLNGL77R09A794B	00000000	3202314585	
2590922	CAVALLAROILARIANTONIO	CVLLNT74L06D122A	3349646787		
2590945	CAVALLINIOTELLO	CVLTLL43H19C529X	3494171269		
2590929	CAVALLO ROCCO	CVLRCC65L21C424Y	0831384943		
2591010	CAVARRETTASALVATORE	CVRSVT68T09C352C	3204426966		
2590885	CAVICCHIMAURO	CVCMRA59A18C469C	0510456320	3392351401	
2591020	CAVUOTOVINCENZO	CVTVCN72S11A783N	08241900249	3314858555	
2591091	CAZACUCORINA	CZCCRN73A51Z129C	3888878489		
2591033	CAZACUIULIA	CZCLIU68M52Z140K	3494316240		
2591092	CAZZANIGA RENATO	CZZRNT21S07F205L	0255190181		
2591107	CAZZANIGA STEFANIA	CZZSFN76D67E951Y	00000000	3343254501	
2585960	CECATIMAHAIL	CCTMHL63P11Z140J	3489192123	0	
2585671	CECCARELLILUCA	CCCLCU71E30G702D	3286521519	3291549763	rob.cecc@alice.it
2585677	CECCHELANIKATIA	CCCKTA77E68L219C	3396105071	3272934490	
2585754	CECCHELEENRICO	CCCNRC73P03C743R	3487925665		KRYSTAL@KRYSTAL.IT
2585666	CECCHETTINJURI ALESSANDRO	CCCJLS73D13A182N	3381308584		
2585726	CECCHINI MARIALISA	CCCMLS65E46B832S	057178968		
2585930	CECEREMIRKO	CCRMRK92H23I234P	3204664416	38834070810	
2585822	CECIMARINELLA	CCEMNL69E42C573A	0541850156		
2580405	CEG HOLDING SRL	12635960151	0804950284	3351375727	
2587036	CELENTANOCONCETTA MARIA	CLNCCT86H55A512L	3483886176		LORISIMMA@ALICE.IT
2587139	CELESTEFONTINO	CLSFTN54D20L273N	0882382247		dino_celeste@msn.com
2586891	CELLADANIELE	CLLDNL57R16L219G	3477648293		
2586956	CELLAMAREVINCENZO	CLLVCN68H03A662C	0803798399	00	
2586915	CELLIEMILIA	CLLMLE21T70D024F	0766860356		
2587158	CELSOELISA	CLSLSE67C70C351A	3404829790		
2571973	CELSOFERRANDI SAS DI  FERRANDI G  MONTEMAGGI  M S	01172670539	0564933786	3331284312	mailaegiacomo@wooow.it
2571973	CELSOFERRANDI SAS DI  FERRANDI G  MONTEMAGGI  M S	01172670539	0564933786		
2571071	CELUPICA BRUNO	00263500696	08527527	0	brunocelupica@un.it
2571071	CELUPICA BRUNO	00263500696	08567015		
2587228	CELZOCARMINE ALBERTO	CLZCMN77H09Z112J	0813411622	3280965059	
2588069	CENTAROMARIA PIA	CNTMRP76R55F205J	3284636074	3312648238	
2588005	CENTINIFRANCO	CNTFNC62D13G921Q	0734810736		
2574536	CENTRO GOMME	02177910714	0884582296		
2573272	CENTRO GRAF. ERREDUE SNC	01705530135	3356151786	339 	
2573272	CENTRO GRAF. ERREDUE SNC	01705530135	031748893		
2575461	CENTRO STUDI VALLONE SRL	02554650792	096229022		
2588232	CEPEDA ORTISCARLOS CANIO	CPDCLS68H11Z603J	3282830225		
2589500	CERASARI DELIA	CRSDLE65M65H501S	0664671211		
2588796	CERCIELLO MARIA	CRCMRA57R56B227Q	0773605474	3356616885	
2589281	CERNITTI SILVANO	CRNSVN76R26I921G	0742352602		
2589238	CERNO?LUIGI	CRNLGU52B02H090W	0995330159	3471838546	
2589236	CERNOGALALIONA	CRNLNA76H70Z140V	3886552409		
2589454	CERRONI MAURIZIA	CRRMRZ56L48F257X	059305136	3408926291	
2576252	CERTE NOTTI SRL	03002370546	0578226781	3939598142	
2589066	CERULLOMARIO	CRLMRA60M15H798P	3331854506		
2589898	CERVONERAIMONDO	CRVRND70P02F839P	3276843797		
2590164	CESARANI LUIGI	CSRLGU64D13A089L	0584983896	3342391990	
2590182	CESARANOAURORA	CSRRRA62M45F839A	3818185929	00000000000	
2589973	CESCHINI PAOLO	CSCPLA58A31D157T	0423749937		
2573536	CESTI DI FRUTTA s.a.s.	01808440992	0103202681	3493546602	
2590848	CEVA GRIMALDI MARCELLA	CVGMCL71D66D612J	3349919310	00	
2591043	CEVIZCI YASAR	CVZYSR69C05Z243D	3201487197		
2586164	CHADIFIRACHID	CHDRHD81D14Z330Z	3276567738		
2586354	CHAHBI MOHAMMED	CHHMMM75S16Z330B	3394265677	0	
2586222	CHAIBOUBEL HASSAN	CHBLSS73A01Z330G	0000000000	3277932419	
2586288	CHALBI INSAF	CHLNSF75B52Z352Q	3466050800		
2586343	CHANNITAJILALI	CHNJLL72A01Z330I	3803410450		
2586136	CHAOUIRACHID	CHARHD75S01Z330Q	3275864397		
2586488	CHARAFMOSTAFA	CHRMTF74A01Z330F	3495388628		
2586262	CHEHADEAHMAD  HUSSEIN	CHHHDH68B01Z229W	3202693887		
2580435	CHEN GANGXIONG ABBIGLIAMENTO	12491310152	0308372227		
2586365	CHENAIPING	CHNPNG79C54Z210U	3336191258		
2586317	CHENNANIKHALIL	CHNKLL74L29Z330L	3881807763		
2586396	CHENXINGZHU	CHNXGZ66C20Z210A	3385953999		
2586370	CHENZHENFA	CHNZNF54L23Z210O	3277693337		
2586510	CHERIFMOHAMID	CHRMMD69A06Z352F	3202883994		
2586514	CHERUBINISANDRO	CHRSDR66P08E884P	3393969481		
2586552	CHESSAGIOVANNI	CHSGNN53P22E323F	078497292		
2586139	CHIACCHERALUCIA	CHCLCU91C58E783K	3406643193		
2586386	CHIANESEENRICO	CHNNRC68L06F839P	0349 		
2586386	CHIANESEENRICO	CHNNRC68L06F839P	3402505131		enricovt@libero.it
2586453	CHIAPELLOPAOLA	CHPPLA69E49F902T	0141702690		
2586361	CHIAPPETTA GIUSEPPE	CHPGPP39H06L357X	0973826291		CHAIPPETTA.ORESTE@ALICE.IT
2573181	CHIARA EDIL SRL	01690400641	0825962243	3293806168	CHARAEDIL@LIBERO.IT
2586470	CHIARENZAAGATA	CHRGTA66C41H940Z	095310368		
2586559	CHIARENZAROSARIO	CHRRSR85R24C351T	3471884770		
2586502	CHIARINI ENNIO	CHRNNE49A07L103H	328/8276811	861252706	
2586507	CHIARULLI ANTONIO	CHRNTN76P11L109P	0541414915	3806309889	campisiloredana@virgilio.it
2586145	CHICHISILVESTRO	CHCSVS76T27G511J	0302535344		
2586276	CHIELLACARMINE	CHLCMN87R09E409I	3342373251		
2586236	CHIELLOANGELA	CHLNGL73C46G273U	3881740222		
2586467	CHIERA  GIUSEPPE	CHRGPP62M03D976C	3282879128		
2586467	CHIERA  GIUSEPPE	CHRGPP62M03D976C	096783495	0	
2586522	CHIERA DI VASCOTERESA	CHRTRS37M54L219T	0182580419		
2586520	CHIERICHELLAELISA	CHRLSE69B41F839T	3939143696		echierichella@gmail.com
